TroelsKr√∏gh;@VirtualSatai/HurtfulGrayProjectfork;1
fbl1;@bovle/pokerdevenv;1
fbl2;@frederikblund/pokerdevenvtest;2
frost;@NCTest/pokerdevenv;2

ChristianJense5 has invited you to collaborate on their repl: poker_dev_env
26 minutes ago
David-NikolajNi has invited you to collaborate on their repl: poker_dev_env
26 minutes ago
WilliamBendix has invited you to collaborate on their repl: poker_dev_env
26 minutes ago
Eigil121 has invited you to collaborate on their repl: poker_dev_env
26 minutes ago
amagnus98 has invited you to collaborate on their repl: poker_dev_env
26 minutes ago
SimonAlsbirk has invited you to collaborate on their repl: poker_dev_env
26 minutes ago
rasmuswael has invited you to collaborate on their repl: poker_dev_env
26 minutes ago
AndreasOsterby has invited you to collaborate on their repl: poker_dev_env
26 minutes ago
WilliamPeytz has invited you to collaborate on their repl: poker_dev_env
26 minutes ago
NicolaiSM has invited you to collaborate on their repl: poker_dev_env-1
26 minutes ago
Maplewarrior has invited you to collaborate on their repl: poker_dev_env
26 minutes ago
khelverskovp has invited you to collaborate on their repl: poker_dev_env
26 minutes ago
Jpprimdahl has invited you to collaborate on their repl: poker_dev_env
26 minutes ago
PhilipAakast has invited you to collaborate on their repl: poker_dev_env
26 minutes ago
anden1305 has invited you to collaborate on their repl: poker_dev_env
26 minutes ago
JonasFoli has invited you to collaborate on their repl: poker_dev_env
26 minutes ago
Hetling has invited you to collaborate on their repl: poker_dev_env
27 minutes ago
lukiwokimc has invited you to collaborate on their repl: poker_dev_env
27 minutes ago
William-SkouSko has invited you to collaborate on their repl: poker_dev_env
27 minutes ago
Marcus-RobertoR has invited you to collaborate on their repl: poker_dev_env
27 minutes ago
YifanLiu9 has invited you to collaborate on their repl: poker_dev_env
27 minutes ago
AntonJorgensen has invited you to collaborate on their repl: poker_dev_env
27 minutes ago
Roysignaler has invited you to collaborate on their repl: poker_dev_env
27 minutes ago
OliverKaupert has invited you to collaborate on their repl: poker_dev_env
27 minutes ago
R0ner has invited you to collaborate on their repl: poker_dev_env
27 minutes ago
magnusgp has invited you to collaborate on their repl: poker_dev_env
27 minutes ago
4ugaug has invited you to collaborate on their repl: poker_dev_env
27 minutes ago
Mads-Ringsted has invited you to collaborate on their repl: poker_dev_env
27 minutes ago
NCTest has invited you to collaborate on their repl: poker_dev_env-2
27 minutes ago
