4ugaug;@4ugaug/poker_dev_env;1
amagnus98;@amagnus98/poker_dev_env;1
anden1305;@anden1305/poker_dev_env;1
AntonJorgensen;@AntonJorgensen/poker_dev_env;3
ChristianJense5;@ChristianJense5/poker_dev_env;3
David-NikolajNi;@David-NikolajNi/poker_dev_env;2
Eigil121;@Eigil121/poker_dev_env;1
Hetling;@Hetling/poker_dev_env;2
JonasFoli;@JonasFoli/poker_dev_env;4
khelverskovp;@khelverskovp/poker_dev_env;1
lukiwokimc;@lukiwokimc/poker_dev_env;3
Mads-Ringsted;@Mads-Ringsted/poker_dev_env;1
magnusgp;@magnusgp/poker_dev_env;1
Maplewarrior;@Maplewarrior/poker_dev_env;1
Marcus-RobertoR;@Marcus-RobertoR/poker_dev_env;1
NicolaiSM/poker_dev_env;@NicolaiSM/poker_dev_env-1;4
OliverKaupert;@OliverKaupert/poker_dev_env;4
PhilipAakast;@PhilipAakast/poker_dev_env;2
R0ner;@R0ner/poker_dev_env;3
rasmuswael;@rasmuswael/poker_dev_env;3
Roysignaler;@Roysignaler/poker_dev_env;2
SimonAlsbirk;@SimonAlsbirk/poker_dev_env;3
William-SkouSko;@William-SkouSko/poker_dev_env;2
WilliamBendix;@WilliamBendix/poker_dev_env;4
WilliamPeytz;@WilliamPeytz/poker_dev_env;2
MatteoVogt1;@MatteoVogt1/poker_dev_env;3
maxsmaxsmaxs;@maxsmaxsmaxs/poker_dev_env;4